,분야,회사명
1,교육,주식회사 퍼스트몽키즈
2,교육,주식회사 숲이답이다
3,교육,하와이컴퍼니
4,교육,꿈선생
5,교육,R2C 컴퍼니
6,교육,주식회사 메이든보이지
7,교육,주식회사 오오칠팔구
8,교육,주식회사메이캔
9,교육,(주) 포켓힐링
10,교육,(주)플레듀
11,교육,진스토리코리아 주식회사
12,교육,주식회사 메이드올
13,교육,미임팩트
14,교육,주식회사 게임프로
15,교육,주식회사 크리플
16,교육,호두랩스
17,교육,랩엠제로
18,교육,주식회사 인터갤러틱
19,교육,(주)슈퍼아이콘
20,교육,웹기프트
21,교육,주식회사 위드인넷
22,교육,주식회사 신인류콘텐츠
23,교육,큐레아
24,교육,렙톤소프트
25,교육,(주)아바쿠스테크놀로지
26,교육,BlockAI
27,교육,(주)공감오래콘텐츠
28,교육,주식회사 레티튜
29,교육,주식회사 비버블록
30,교육,(주) 야호랩
31,교육,주식회사 커넥티드 유니버스
32,교육,(주)메타캠프
33,교육,아이프롬주식회사
34,교육,(주)엑스알터치
35,교육,케이엠에듀
36,교육,데일리브이
37,교육,믹스비전 (주)
38,교육,(주)키즈페이
39,교육,캔디데이트
40,교육,(주)플렉슬
41,교육,한국게임화연구원
42,교육,주식회사 더제주스토리
43,교육,부지런컴퍼니
44,교육,주식회사 패스캐처
45,교육,주식회사 아무랩스
46,교육,크디랩 주식회사
47,교육,올랭귀지 주식회사
48,교육,더에이아이랩
49,교육,(주)에프엔제이
50,교육,디에이치오션
51,교육,위솝
52,교육,아이디자인랩
53,교육,주식회사 맞추다
54,교육,프릭스 헬스케어
55,교육,(주)울타리스쿨
56,교육,주식회사 썸 코리아
57,교육,(주)피씨엔씨
58,교육,넥스트퍼스(NextPus)
59,교육,애스커
60,교육,주식회사 에딘트
61,교육,러닝스푼즈
62,교육,(주)스판링크
63,교육,(주)교육여행연구소
64,교육,(주)미리내테크놀로지스
65,교육,(주)코고
66,교육,주식회사 에이스에듀
67,교육,주식회사 리피치
68,교육,(주)유패스홀딩스
69,교육,(주)밍글콘
70,교육,아자스쿨주식회사
71,교육,국제지속가능인증원
72,교육,(주)뉴베이스
73,교육,(주)고파
74,교육,포그라운드(주)
75,교육,Under:B
76,교육,그래도팜 농업회사법인(주)
77,교육,골드래빗(주)
78,교육,주식회사 이노컨
79,교육,스타트업코드
80,교육,주식회사 위키즈
81,교육,주식회사 이미지마이닝
82,교육,에듀하이브
83,교육,주식회사 마인드몬스터
84,교육,(주)포인블랙
85,교육,주식회사 다비다
86,교육,주식회사 만나통신사
87,교육,문카데미
88,교육,하이로컬
89,교육,제이지테크
90,교육,더블유코딩 | W Coding
91,교육,pixcolo
92,교육,(주)코드넛
93,교육,라이프 플래닝 랩
94,교육,(주)더도슨트
95,교육,마스터즈코딩학원
96,교육,쉐어러스
97,교육,(주)티스쿨컴퍼니
98,교육,엔터큐브
99,교육,단희캠퍼스
100,교육,비브리지
101,교육,에듀체인지
102,교육,주식회사 알다
103,교육,주식회사 이로츠
104,교육,(주)이브릿지월드
105,교육,주식회사 인프랩
106,교육,(주)피투제이
107,교육,주식회사 아이텍솔루션
108,교육,반의공식(주)
109,교육,(주)코리아잡앤잡
110,교육,주식회사 크리모
111,교육,(주)오션스피플
112,교육,(주)알앤디아시아
113,교육,칸타빌레
114,교육,(주)데이터뱅크
115,교육,(주)아로파테크
116,교육,기억공간
117,교육,원패스에듀
118,교육,주식회사 소프트스퀘어드
119,교육,더북클럽
120,교육,아테나스랩 주식회사
121,교육,주식회사 플랫가든
122,교육,(주)블랙로직
123,교육,(주)헤이스타즈
124,교육,주식회사 어바웃클래식그룹
125,교육,익스플레인
126,교육,퓨처테크아카데미(주)
127,교육,주식회사 애니워드
128,교육,주식회사 굳센컴퍼니
129,교육,퓨어블랙
130,교육,(주)코딩앤플레이
131,교육,(주)브이리스브이알
132,교육,(주)스터디티비
133,교육,(주)쉐어박스
134,교육,마이리틀북
135,교육,큐리어드
136,교육,레이크랩
137,교육,유니콘메이커
138,교육,(주)사운드리더
139,교육,디커즈
140,교육,주식회사 해일교육
141,교육,매치스플랜
142,교육,(주)아이들랩
143,교육,주식회사 메이커런스
144,교육,(주)바닐라
145,교육,(주)모랑스
146,교육,주식회사 베어런
147,교육,크리에이티브마인드
148,교육,아웃풋
149,교육,주식회사 키돕
150,교육,마코빌
151,교육,랭디
152,교육,레디메이트
153,교육,루트파이
154,교육,블라터
155,교육,메타월드픽쳐스 주식회사
156,교육,큐브로이드
157,교육,(주)폴리시티21
158,교육,데이터크레딧
159,교육,루시
160,교육,더모두 주식회사
161,교육,비욘드리밋
162,교육,딜라이트룸
163,교육,인어스 협동조합
164,교육,에이치비아이티
165,교육,캠퍼스멘토
166,교육,키위스튜디오
167,교육,창톡
168,교육,투블럭에이아이
169,교육,투더웰주식회사
170,교육,주식회사 무아미
171,교육,주식회사로보그램
172,교육,주식회사 아라바
173,교육,(주)위드플러스
174,교육,(주)당근나라
175,교육,(주)렉투스
176,교육,스페이스포
177,교육,밸류어스
178,교육,특이한녀석들
179,교육,(주)홈즈앤루팡
180,교육,링크미
181,교육,원어공
182,교육,디프트(주)
183,교육,(주)스월브
184,교육,(주)아이윙티브이
185,교육,컴앤드키
186,교육,도움팩토리
187,교육,위아본주식회사
188,교육,(주)노아노마드
189,교육,(주)마이온컴퍼니
190,교육,주식회사 다날유니펀
191,교육,(주)칼라스컴퍼니
192,교육,주식회사 키즈밋
193,교육,(주)엠글리쉬
194,교육,마루앤켈리주식회사
195,교육,(주)언택트솔루션
196,교육,맘스퀘스천
197,교육,구니스
198,교육,주식회사 모두의예체능
199,교육,그레이스타인그룹
200,교육,주식회사 파이뎀스에잇
201,교육,(주) 아고라스
202,교육,153에듀케이션그룹 주식회사
203,교육,주식회사 텐덤
204,교육,(주)빛솔인재개발원
205,교육,(주)팀스토리
206,교육,파니니
207,교육,주식회사 언어발전소
208,교육,스마트메이커스
209,교육,클레비
210,교육,인투로
211,교육,203labs
212,교육,에스비알
213,교육,크로스레슨
214,교육,레드브릭
215,교육,팀메모리
216,교육,럭스로보
217,교육,더코퍼레이션 주식회사
218,교육,퓨쳐스콜레
219,교육,투미유
220,교육,주식회사 과탑
221,교육,(주)일하는우리
222,교육,런어스교육플랫폼
223,교육,아이헤이트플라잉버그스(주)
224,교육,(주)이십사점오
225,교육,주식회사 위클러버
226,교육,립텍
227,교육,탁구발전소24
228,교육,(주)오렌지풋볼네트워크
229,교육,(주)퍼스펙티브
230,교육,(주)라잇업
231,교육,스카이코드개발
232,교육,주식회사 수앤캐롯츠
233,교육,쿠랩(KUALB)
234,교육,(주)지니우스
235,교육,썬슈어
236,교육,커리어블
237,교육,태극월드스포츠
238,교육,엑싯업
239,교육,(주)하얀마인드
240,교육,딱따구리
241,교육,주식회사 비앤알월드
242,교육,캘러스컴퍼니
243,교육,(주)우로테스트
244,교육,농업회사법인(주)고메클라우드
245,교육,어웨어랩 주식회사
246,교육,왓츠랩 (WHATs LAB)
247,교육,에필(EPIL)
248,교육,주식회사더리얼원
249,교육,플랭
250,교육,(주)핸듀
251,교육,(주)오렌지씨큐리티
252,교육,(주)북아이피스
253,교육,나인 식스틴
254,교육,(주)보다
255,교육,플랜에이캠퍼스
256,교육,프로젝트퀘스천
257,교육,리오랩
258,교육,주식회사 비엘에프
259,교육,리틀소시에랩
260,교육,너스커넥트
261,교육,(주)플레이큐리오
262,교육,(주)아몽아트드림
263,교육,주식회사 메타유니버스
264,교육,나눔퀴즈 프로젝트팀
265,교육,주식회사 빅펀
266,교육,더모스트그룹
267,교육,주식회사 옴니커넥트
268,교육,파이퍼
269,교육,(주)더라피스
270,교육,슈르
271,교육,(주)그린라이즈
272,교육,(주)와이즈인컴퍼니
273,교육,Pensim
274,교육,미디콘즈
275,교육,(주)스카이스팟
276,교육,(주)세울코퍼레이션
277,교육,(주)지앤플렉스
278,교육,나비드림즈
279,교육,코딩버드
280,교육,라이프플래닝연구소
281,교육,빅거츠
282,교육,롤즈온 주식회사
283,교육,휴클라우드
284,교육,코드스테이츠
285,교육,마이컬처(주)
286,교육,잘라
287,교육,aispeak pte ltd.
288,교육,주식회사 봄인컨설팅
289,교육,주식회사 스트라
290,교육,주식회사 시나몬컴퍼니
291,교육,밀리의 서재
292,교육,머니챌린지
293,교육,교현학원
294,교육,(주)원즈
295,교육,업라이트컨설팅
296,교육,홈디즈
297,교육,(주)웹웨어
298,교육,주식회사 휴먼톡톡
299,교육,초지능
300,교육,꿈프
301,교육,투티 주식회사
302,교육,스프레틱스
303,교육,주식회사 크루티브
304,교육,쓰리랩스 주식회사
305,교육,(주)디랩
306,교육,주식회사 직강
307,교육,(주)테일윈드
308,교육,(주)밍글링
309,교육,와이비에스에듀 사회적협동조합
310,교육,주스
311,교육,테크빌교육
312,교육,(주)클래스마켓
313,교육,(주)올인원에듀테크
314,교육,메이킷해픈
315,교육,마로마브
316,교육,MiOwl(미올)
317,교육,스포트라이트
318,교육,데일리퍼플
319,교육,시그널(SIGNAL)
320,교육,(주)에듀트래블가유
321,교육,토킹애니
322,교육,(주)삼환미디어
323,교육,렉스퍼
324,교육,Onlineglobalism
325,교육,주식회사 유핏
326,교육,(주)크레아큐브
327,교육,샘랩(주)
328,교육,주식회사해피에듀테크
329,교육,(주)더플랜지
330,교육,sam corporation
331,교육,(주) 아이엑스솔루션컨설팅
332,교육,한스와아이들
333,교육,(주)플레이메이커
334,교육,Guardian-A
335,교육,쌤투쌤
336,교육,BeAptive
337,교육,앤클라라 주식회사
338,교육,(주)투클래스
339,교육,Apollo EduTech
340,교육,AijiRainbow
341,교육,컬루런트 주식회사
342,교육,주식회사 로드투커리어
343,교육,(주)오파테크
344,교육,신디샘영어학원
345,교육,스터디워크
346,교육,클래스101
347,교육,공도
348,교육,노원비하인드
349,교육,두브레인
350,교육,주식회사 마이메타
351,교육,무하유
352,교육,트리거스
353,교육,브롬튼그룹
354,교육,클레브레인(주)
355,교육,제제미미
356,교육,커리어폼
357,교육,그로비교육
358,교육,ASSIST
359,교육,세샤트
360,교육,언러닝
361,교육,심비스타(SimVista)
362,교육,오픈베스트
363,교육,티처라인
364,교육,주식회사 볼트앤너트
365,교육,스포이음
366,교육,리디파이 주식회사
367,교육,이십칠와트
368,교육,스냅프린팅
369,교육,놀잇
370,교육,발레앤모델
371,교육,파르페
372,교육,연플
373,교육,팅커테일러
374,교육,(주)에디스교육
375,교육,쿨스쿨
376,교육,(주)수학에 심장을 달다
377,교육,아이씨 (Aicy) 주식회사
378,교육,아토스터디
379,교육,에이바이플러스
380,교육,주식회사 테이아
381,교육,팀닷츠
382,교육,리디퍼
383,교육,런코리안인코리안
384,교육,사자가온다(주)
385,교육,부커스
386,교육,매쓰홀릭
387,교육,하이드미플리즈
388,교육,플럭스콘
389,교육,유니브
390,교육,엘포박스
391,교육,주식회사 바바라컴퍼니
392,교육,아웃스탠더스
393,교육,차오르다
394,교육,(주)링크솔루션
395,교육,캐럿솔루션즈
396,교육,주)숲딱
397,교육,리얼날리지
398,교육,키글
399,교육,밥상머리디자인
400,교육,주식회사 하날
401,교육,(주)덴탈브릿지
402,교육,(주)클라뷰
403,교육,토이콘
404,교육,주식회사 투익트
405,교육,주식회사 와우키키
406,교육,(주)더블유메이커스
407,교육,주식회사 인텔리어스
408,교육,MO Sports
409,교육,클래식하우
410,교육,야나두
411,교육,(주)교육을품다
412,교육,키보코
413,교육,주식회사 배움의모든것
414,교육,멘토잉
415,교육,문다
416,교육,주식회사 태블릿노트
417,교육,올위즈코리아
418,교육,소레스
419,교육,에스초이스합시다
420,교육,(주)로보라이프
421,교육,(주)나우썸
422,교육,본에콜
423,교육,Project ILLUSION
424,교육,자란다
425,교육,(주)에이퓨필
426,교육,브레인아카데미(주)
427,교육,(주)그로우코퍼레이션
428,교육,콘티랩 주식회사
429,교육,플롯팩토리
430,교육,이오스튜디오
431,교육,숨고클래스
432,교육,(주)링크12
433,교육,doofuning
434,교육,스마트엘박스
435,교육,에듀템
436,교육,(주)솜씨당컴퍼니
437,교육,디자인스위치 주식회사
438,교육,골프스팟
439,교육,플레이태그
440,교육,(주)인테그로메디랩
441,교육,주식회사 와포
442,교육,에프랩앤컴퍼니
443,교육,온클래스에이
444,교육,와이낫에듀 주식회사
445,교육,매스프레소
446,교육,럽디(주)
447,교육,에듀앤플레이
448,교육,더피트
449,교육,(주)투비유니콘
450,교육,집사
451,교육,초록고래
452,교육,스몰빅클래스
453,교육,주식회사 페어립에듀
454,교육,코어탤런트
455,교육,주식회사 브리딩
456,교육,앵커드 주식회사
457,교육,(주)히카(HICA)
458,교육,리프릭스
459,교육,주식회사뷰티다룸
460,교육,주식회사 팀글루
461,교육,가루다
462,교육,위드트리
463,교육,크래커박스 주식회사
464,교육,아니마칸지
465,교육,(주)아이오테드
466,교육,자라나다
467,교육,시작프로덕션 주식회사
468,교육,람다알고
469,교육,주식회사 하트세이버
470,교육,프리딕션
471,교육,단꿈아이
472,교육,에스티유니타스
473,교육,주식회사 바로
474,교육,빅스텝(BIXTEP)
475,교육,올디너리매직
476,교육,주식회사 루카스에듀테인먼트
477,교육,주식회사 강남엄마
478,교육,스코어스트리트
479,교육,리틀원
480,교육,슬링
481,교육,더모션아트텍
482,교육,주식회사 테크스페이스
483,교육,시니업
484,교육,째깍악어
485,교육,튜블릿
486,교육,코멘토
487,교육,에이아이네이션
488,교육,감사합니다협동조합
489,교육,MBI Square
490,교육,딩코
491,교육,에듀슨 잉글리시
492,교육,버드비
493,교육,소프트앤
494,교육,코리아아이북스
495,교육,파인밸류 주식회사
496,교육,테스트뱅크
497,교육,스리체어스
498,교육,에이럭스
499,교육,미니스쿨
500,교육,트레바리
501,교육,코드스쿼드
502,교육,마켓디자이너스
503,교육,로지브라더스
504,교육,채팅캣
505,교육,마블러스
506,교육,에이치스토리
507,교육,스파이더랩
508,교육,루빗
509,교육,스터디파이
510,교육,러닝독
511,교육,(주)알려줌
512,교육,프로메티안스
513,교육,주식회사 뤼튼테크놀로지스
514,교육,주식회사 달꿈
515,교육,프리윌린
516,교육,온라이브 프로덕션
517,교육,(주)올어바웃스포테크
518,교육,미래교육 이룸
519,교육,(주)구름
520,교육,책이랑 동동
521,교육,학생독립만세
522,교육,(주)컨플
523,교육,아키핀
524,교육,스마투스
525,교육,인스에듀테인먼트
526,교육,엔트리교육연구소
527,교육,크로노그래프
528,교육,제로엑스플로우
529,교육,파코웨어
530,교육,매쓰팡
531,교육,한달어스
532,교육,패쓰
533,교육,파이브센스
534,교육,주식회사 파인에듀스
535,교육,해피해킹
536,교육,두들
537,교육,어반브릿지
538,교육,뉴비즈스타트
539,교육,주식회사 그로티
540,교육,열정에기름붓기
541,교육,플레이랩스
542,교육,디스럽션
543,교육,"주식회사 온메이커(ON Maker co.,Ltd.)"
544,교육,카디널포인트
545,교육,석세스아카데미
546,교육,한국창의성학회
547,교육,유밥
548,교육,로보트리
549,교육,주식회사 인사이드아웃커뮤니케이션즈
550,교육,지일이삼공교육
551,교육,주식회사 코리아유기동물보호복지센터
552,교육,폭스소프트
553,교육,테트라시그넘
554,교육,(주)브릿메이츠
555,교육,한에듀테크
556,교육,러너스마인드
557,교육,오픈스카이에듀
558,교육,어스얼라이언스
559,교육,엘리스
560,교육,수파자
561,교육,큐리어슬리
562,교육,리얼위드
563,교육,멘토릿
564,교육,홀릭스팩토리
565,교육,(주)디비스쿨
566,교육,클레슨
567,교육,MORO
568,교육,글로랑
569,교육,태권한류
570,교육,에누마
571,교육,덱스터스튜디오
572,교육,하이브에듀
573,교육,(주)티스터디컴퍼니
574,교육,마인딩
575,교육,팀모노리스
576,교육,(주)포스픽
577,교육,(주)아워스토리
578,교육,(주)머스트두
579,교육,컬리지니에이아이
580,교육,카운터컬쳐컴퍼니
581,교육,주식회사 파티클에듀
582,교육,인플루엔셜
583,교육,제제듀
584,교육,팔루썸니
585,교육,티밸류와이즈
586,교육,키즈노트
587,교육,드림포라
588,교육,이스트컨트롤
589,교육,에디켓
590,교육,타이트
591,교육,브레이브팝스컴퍼니
592,교육,캐치잇플레이
593,교육,뤼이드
594,교육,플레인베이글
595,교육,진지한 컴퍼니
596,교육,용감한컴퍼니
597,교육,라인컴
598,교육,케이크
599,교육,(주)오누이 설탭학원
600,교육,하비풀
601,교육,플리토
602,교육,클래스팅
603,교육,에그번에듀
604,교육,브랜치앤바운드
605,교육,퀄슨
606,교육,에이치투케이
607,교육,인공지능팩토리
608,교육,(주)모두의연구소
609,교육,오픈놀
610,교육,팀스파르타(주)
611,교육,노리
612,교육,비트루브
613,교육,아이포트폴리오
614,교육,스터디맥스
615,교육,스칸디에듀
616,교육,(주)파인드강사
617,교육,창의발레소예
618,교육,데이원컴퍼니
619,교육,다시서점
620,교육,트레셋
621,교육,(주)레몬트리
622,교육,(주)커넥서스랩
623,교육,코드잇
624,교육,그렙
625,교육,콕콕랩/로앤케이
626,교육,튜링
627,교육,트이다
628,교육,유나이티드어소시에이츠
629,교육,주식회사 이팝소프트
630,교육,(주)공부선배
631,교육,옵티멀 커뮤니티
632,교육,클라썸 CLASSUM
633,교육,올마이티캠퍼스
634,교육,모디움
635,교육,노머스
636,교육,누리하우스
637,교육,링글
638,교육,탈잉
639,교육,레어폰트
640,교육,더자람컴퍼니
641,교육,시티아이랩
642,교육,아티피셜소사이어티
643,교육,일루미네어(주)
644,교육,리미티(LimitY)
645,교육,놀봄
646,교육,거북닷컴
647,교육,주식회사인비저블
648,교육,(주)드리머스피치커뮤니케이션
649,교육,이를
650,교육,튜터링
651,교육,민트팟
652,교육,헬로긱스
653,교육,버스쿨
654,교육,주식회사 린온컴퍼니
655,교육,몽우
656,교육,태인교육
657,교육,유커넥션
658,교육,아토큐브
659,교육,더웨이브컴퍼니
660,교육,루티너리
661,교육,예스에이 주식회사
662,교육,텔라
663,교육,프렌즈몬
664,교육,Jr코딩연구소
665,교육,레오코퍼레이션
666,교육,키뮤
667,교육,레디앤스타트
668,교육,라이크크레이지
669,교육,해피업
670,교육,엔비져블
671,교육,지란지교컴즈
672,교육,몬스터스쿨
673,교육,스터디짐
674,교육,머니매그넷
675,교육,페어립에듀
676,교육,레이즈앤지스트
677,교육,청그라미
678,교육,Skillshare
679,교육,스냅에스크
680,교육,코이랩스
681,교육,빅스텝에듀케이션
682,교육,엠플레이스
683,교육,아폴로항공
684,교육,디케이메디인포
685,교육,스터디 메이트
686,교육,씨엠스에듀
687,교육,디자인정글플러스(주)
688,교육,민아몬드
689,교육,플레이탱고
690,교육,트루밸류
691,교육,오피노마케팅
692,교육,매직에꼴
693,교육,플레이블(주)
694,교육,티씨지컴퍼니
695,교육,주식회사 비즈코웍
696,교육,쉐이크에이드
697,교육,라이프스타일프로젝트
698,교육,알유티씨클래스
699,교육,유한회사 알렌의서재
700,교육,이지코코아 주식회사
701,교육,컬택 CULTECH
702,교육,EntrepreLearn
703,교육,공오일컴퍼니
704,교육,써큘러스리더(주)
705,교육,Studear
706,교육,크레센도 음악학원
707,교육,토킹어바웃
708,교육,윤희재
709,교육,룰루디자인
710,교육,Backyard Brains Korea
711,교육,제이알코딩연구소
712,교육,옴니스
713,교육,주식회사 셀프트리
714,교육,와이즈플래닛
715,교육,감동공장
716,교육,아이스크림에듀
717,교육,별별선생
718,교육,어브로딘
719,교육,픽셀플러스
720,교육,원세컨드랩스
721,교육,플레이스5
722,교육,이노시뮬레이션
723,교육,레츠코리안
724,교육,해빛
725,교육,zezedu
726,교육,뉴머레이드
727,교육,비유비유
728,교육,밀당영어
729,교육,에브리킷
730,교육,칼라프로젝트
731,교육,스터디서치
732,교육,에듀왕
733,교육,Pulit
734,교육,피델릭스
735,교육,차이나탄
736,교육,에이아이리소프트
737,교육,하이코두
738,교육,씨투엠에듀
739,교육,케이튜터
740,교육,위매쓰
741,교육,MINERVA PROJECT
742,교육,브레인나우
743,교육,프렌즈톡
744,교육,캐드호
745,교육,Pluto
746,교육,월스트리트인스티튜트코리아
747,교육,보리떡광주리
748,교육,미네르바프로젝트
749,교육,토킹코리아
750,교육,아임히어
751,교육,주식회사 메이킷올
752,교육,디3
753,교육,코덱소
754,교육,seondesign
755,교육,토드핀
756,교육,UKC Materials
757,교육,배우자
758,교육,BBAM
759,교육,(주)피씨티
760,교육,카드호 잉크
761,교육,스마트동스쿨
762,교육,커밍비
763,교육,보이스첵
764,교육,디엠티
765,교육,주식회사 키즈크라우드
766,교육,창의융합연구소
767,교육,진짜녀석들
768,교육,센텐스
769,교육,유니콘즈
770,교육,린온
771,교육,APEN
772,교육,닥터코드
773,교육,체육IN
774,교육,온투업(온코디)
775,교육,에이블인포메이션
776,교육,브레이프
777,교육,IntroLab
778,교육,아이와
